{
    "rmse": 2.32109227818779,
    "mae": 1.586794828165036,
    "r2": 0.93821702867745
}