{
    "rmse": 2.2956347082231523,
    "mae": 1.5488224758588,
    "r2": 0.9425617145684123
}