{
    "rmse": 2.3457735316143054,
    "mae": 1.6153657520334643,
    "r2": 0.9366003042186946
}